{
  "Component.js": 1695121705988,
  "manifest.json": 1695201421369,
  "test/integration/pages/RisksList.js": 1695121706612,
  "test/integration/opaTests.qunit.js": 1695121706456,
  "test/integration/FirstJourney.js": 1695121706716,
  "test/testsuite.qunit.js": 1695121706260,
  "xs-app.json": 1695201421357,
  "test/integration/pages/RisksObjectPage.js": 1695121706612,
  "i18n/i18n.properties": 1695121812888,
  "Component-dbg.js": 1695121705988,
  "Component.js.map": 1695201442633,
  "test/integration/opaTests.qunit-dbg.js": 1695121706456,
  "test/integration/opaTests.qunit.js.map": 1695201442655,
  "test/integration/FirstJourney-dbg.js": 1695121706716,
  "test/integration/FirstJourney.js.map": 1695201442695,
  "test/testsuite.qunit-dbg.js": 1695121706260,
  "test/testsuite.qunit.js.map": 1695201442640,
  "test/integration/pages/RisksObjectPage-dbg.js": 1695121706612,
  "test/integration/pages/RisksObjectPage.js.map": 1695201442640,
  "test/integration/pages/RisksList-dbg.js": 1695121706612,
  "test/integration/pages/RisksList.js.map": 1695201442647,
  "Component-preload.js": 1695201442865,
  "Component-preload.js.map": 1695201442865,
  "test/integration/opaTests.qunit.html": 1695121706456,
  "test/testsuite.qunit.html": 1695121706224,
  "test/flpSandbox.html": 1695121706220,
  "localService/metadata.xml": 1695121706184,
  "index.html": 1695121706092
}